{
    "trajectory": [
        0.5571149587631226,
        0.5836136341094971,
        0.5836136341094971,
        0.5836136341094971,
        0.6017754077911377,
        0.6442749500274658,
        0.6442749500274658,
        0.6442749500274658,
        0.6442749500274658,
        0.6442749500274658,
        0.6442749500274658,
        0.6442749500274658,
        0.6442749500274658,
        0.6442749500274658,
        0.6520699262619019,
        0.6520699262619019,
        0.6520699262619019,
        0.6520699262619019,
        0.6520699262619019,
        0.6520699262619019,
        0.6520699262619019,
        0.6758884191513062,
        0.6758884191513062,
        0.6783865690231323,
        0.6948928833007812,
        0.6948928833007812,
        0.6948928833007812,
        0.6948928833007812,
        0.6948928833007812,
        0.6948928833007812,
        0.6948928833007812,
        0.6948928833007812,
        0.6967943906784058,
        0.6967943906784058,
        0.6967943906784058,
        0.6967943906784058,
        0.6967943906784058,
        0.7038707733154297,
        0.7177472114562988,
        0.7177472114562988,
        0.7177472114562988,
        0.7177472114562988,
        0.7186598777770996,
        0.7224570512771606,
        0.7278711795806885,
        0.7278711795806885,
        0.7278711795806885,
        0.7328484058380127,
        0.7328484058380127,
        0.7328484058380127,
        0.7328484058380127,
        0.7328484058380127,
        0.7328484058380127,
        0.7341212034225464,
        0.7341212034225464,
        0.7341212034225464,
        0.7371065616607666,
        0.7371065616607666,
        0.739324688911438,
        0.739324688911438,
        0.739324688911438,
        0.739324688911438,
        0.739324688911438,
        0.739324688911438,
        0.739324688911438
    ],
    "utility_trajectory": [
        1.5566982920964558,
        1.5827803007761636,
        1.582363634109497,
        1.5819469674428304,
        1.5996920744578045,
        1.6417749500274659,
        1.6413582833607991,
        1.6409416166941324,
        1.6405249500274657,
        1.6401082833607992,
        1.6396916166941324,
        1.639274950027466,
        1.6388582833607992,
        1.6384416166941325,
        1.6458199262619018,
        1.645403259595235,
        1.6449865929285685,
        1.644569926261902,
        1.6441532595952353,
        1.6437365929285686,
        1.6433199262619018,
        1.6667217524846394,
        1.6663050858179729,
        1.6683865690231323,
        1.6844762166341147,
        1.684059549967448,
        1.6836428833007813,
        1.6832262166341145,
        1.6828095499674478,
        1.6823928833007813,
        1.6819762166341146,
        1.681559549967448,
        1.6830443906784058,
        1.682627724011739,
        1.6822110573450724,
        1.6817943906784056,
        1.6813777240117391,
        1.6880374399820963,
        1.701497211456299,
        1.7010805447896322,
        1.7006638781229655,
        1.7002472114562988,
        1.7007432111104328,
        1.7041237179438273,
        1.7091211795806884,
        1.708704512914022,
        1.7082878462473552,
        1.7128484058380127,
        1.712431739171346,
        1.7120150725046792,
        1.7115984058380127,
        1.711181739171346,
        1.7107650725046795,
        1.7116212034225464,
        1.7112045367558797,
        1.710787870089213,
        1.7133565616607664,
        1.7129398949941,
        1.7147413555781048,
        1.714324688911438,
        1.7139080222447713,
        1.7134913555781046,
        1.7130746889114379,
        1.7126580222447714,
        1.7122413555781046
    ],
    "normalized_utility_trajectory": [
        0.20474822447360558,
        0.17216119503150404,
        0.17268178104544735,
        0.17320236705939093,
        0.1510315161923678,
        0.09845290071695051,
        0.0989734867308941,
        0.09949407274483768,
        0.10001465875878127,
        0.10053524477272457,
        0.10105583078666816,
        0.10157641680061147,
        0.10209700281455507,
        0.10261758882849865,
        0.09339908138643566,
        0.09391966740037924,
        0.09444025341432255,
        0.09496083942826586,
        0.09548142544220944,
        0.09600201145615303,
        0.09652259747009662,
        0.06728420523259211,
        0.06780479124653542,
        0.0652041727388611,
        0.04510166350152436,
        0.04562224951546794,
        0.04614283552941153,
        0.046663421543355114,
        0.0471840075572987,
        0.04770459357124201,
        0.048225179585185594,
        0.0487457655991289,
        0.046890596062188386,
        0.04741118207613197,
        0.04793176809007556,
        0.048452354104019144,
        0.04897294011796245,
        0.04065224813955248,
        0.02383552306672294,
        0.024356109080666526,
        0.024876695094610112,
        0.025397281108553698,
        0.024777575949682495,
        0.020553948963668967,
        0.014310088243583116,
        0.014830674257526424,
        0.01535126027147001,
        0.00965326777870472,
        0.010173853792648306,
        0.010694439806591892,
        0.011215025820535202,
        0.011735611834478788,
        0.012256197848422098,
        0.011186542371751325,
        0.011707128385694912,
        0.012227714399638498,
        0.009018374624553765,
        0.009538960638497074,
        0.0072882041952088234,
        0.00780879020915241,
        0.008329376223095996,
        0.008849962237039584,
        0.00937054825098317,
        0.00989113426492648,
        0.010411720278870065
    ],
    "stop_budget": 65,
    "final_incumbent": 0.739324688911438,
    "final_normalized_utility": 0.010411720278870065,
    "u_max": 1.720574688911438,
    "u_min": 0.9201946258544922
}