{
    "trajectory": [
        0.21429747343063354,
        0.26828116178512573,
        0.26976948976516724,
        0.2968035936355591,
        0.39057087898254395,
        0.42194992303848267,
        0.42194992303848267,
        0.42194992303848267,
        0.42194992303848267,
        0.43191659450531006,
        0.43191659450531006,
        0.43191659450531006,
        0.8340249061584473,
        0.8340249061584473,
        0.8340249061584473,
        0.8340249061584473,
        0.9220741987228394,
        0.9220741987228394,
        0.9220741987228394,
        0.9220741987228394,
        0.9220741987228394,
        0.9220741987228394,
        0.9220741987228394,
        0.9220741987228394,
        0.9220741987228394,
        0.9220741987228394,
        0.9220741987228394,
        0.9220741987228394,
        0.9220741987228394,
        0.9220741987228394,
        0.9220741987228394,
        0.9220741987228394,
        0.9220741987228394,
        0.9220741987228394,
        0.9220741987228394,
        0.9220741987228394,
        0.9220741987228394,
        0.9220741987228394
    ],
    "utility_trajectory": [
        1.213870806763967,
        1.2674278284517924,
        1.2684894897651673,
        1.2950969269688923,
        1.3884375456492106,
        1.4193899230384828,
        1.418963256371816,
        1.4185365897051494,
        1.4181099230384826,
        1.4276499278386434,
        1.4272232611719766,
        1.42679659450531,
        1.8284782394917807,
        1.8280515728251139,
        1.8276249061584473,
        1.8271982394917807,
        1.914820865389506,
        1.9143941987228392,
        1.9139675320561726,
        1.913540865389506,
        1.9131141987228393,
        1.9126875320561727,
        1.9122608653895061,
        1.9118341987228393,
        1.9114075320561725,
        1.9109808653895062,
        1.9105541987228394,
        1.9101275320561726,
        1.909700865389506,
        1.9092741987228394,
        1.9088475320561726,
        1.908420865389506,
        1.9079941987228395,
        1.9075675320561727,
        1.907140865389506,
        1.9067141987228393,
        1.9062875320561727,
        1.905860865389506
    ],
    "normalized_utility_trajectory": [
        0.6926366762327715,
        0.6442998601020472,
        0.6433416789694811,
        0.6193276699881227,
        0.535084966034624,
        0.5071495184028498,
        0.5075345978483798,
        0.5079196772939095,
        0.5083047567394394,
        0.4996946166797575,
        0.5000796961252875,
        0.5004647755708171,
        0.1379350604202914,
        0.13832013986582134,
        0.13870521931135107,
        0.13909029875688078,
        0.060008254546189105,
        0.060393333991719034,
        0.060778413437248754,
        0.06116349288277848,
        0.061548572328308404,
        0.06193365177383813,
        0.06231873121936785,
        0.06270381066489777,
        0.0630888901104277,
        0.06347396955595723,
        0.06385904900148716,
        0.06424412844701707,
        0.06462920789254681,
        0.06501428733807653,
        0.06539936678360646,
        0.06578444622913618,
        0.0661695256746659,
        0.06655460512019583,
        0.06693968456572576,
        0.06732476401125548,
        0.0677098434567852,
        0.06809492290231513
    ],
    "stop_budget": 38,
    "final_incumbent": 0.9220741987228394,
    "final_normalized_utility": 0.06809492290231513,
    "u_max": 1.9813097996520996,
    "u_min": 0.873313328742981
}