{
    "trajectory": [
        0.6174145936965942,
        0.6379232406616211,
        0.6579391956329346,
        0.7071355581283569,
        0.7071355581283569,
        0.7071355581283569,
        0.7174046039581299,
        0.7206699848175049,
        0.7206699848175049,
        0.7206699848175049,
        0.7206699848175049,
        0.7206699848175049,
        0.7218078374862671,
        0.7218078374862671,
        0.7218078374862671,
        0.7218078374862671,
        0.7223575115203857,
        0.7223575115203857,
        0.7223575115203857,
        0.7223575115203857,
        0.7223575115203857,
        0.7223575115203857,
        0.7223575115203857,
        0.7223575115203857,
        0.7223575115203857,
        0.7223575115203857,
        0.7223575115203857,
        0.7223575115203857,
        0.7223575115203857
    ],
    "utility_trajectory": [
        0.6169879270299276,
        0.6370699073282877,
        0.6566591956329346,
        0.7054288914616903,
        0.7050022247950236,
        0.7045755581283569,
        0.7144179372914632,
        0.7172566514841715,
        0.7168299848175049,
        0.7164033181508382,
        0.7159766514841716,
        0.7155499848175049,
        0.7162611708196004,
        0.7158345041529337,
        0.7154078374862671,
        0.7149811708196004,
        0.7151041781870524,
        0.7146775115203857,
        0.714250844853719,
        0.7138241781870525,
        0.7133975115203858,
        0.7129708448537191,
        0.7125441781870524,
        0.7121175115203857,
        0.711690844853719,
        0.7112641781870525,
        0.7108375115203858,
        0.7104108448537191,
        0.7099841781870524
    ],
    "normalized_utility_trajectory": [
        0.16336054368277222,
        0.134296713693877,
        0.105945936707197,
        0.03536354756438773,
        0.035981044807074584,
        0.03659854204976144,
        0.022354068624691727,
        0.018245713499441686,
        0.01886321074212838,
        0.01948070798481524,
        0.020098205227502094,
        0.020715702470188953,
        0.01968643201238086,
        0.020303929255067715,
        0.020921426497754414,
        0.02153892374044127,
        0.021360900200835593,
        0.02197839744352245,
        0.02259589468620931,
        0.023213391928896005,
        0.023830889171582863,
        0.024448386414269718,
        0.025065883656956577,
        0.025683380899643435,
        0.02630087814233029,
        0.02691837538501699,
        0.027535872627703843,
        0.0281533698703907,
        0.028770867113077556
    ],
    "stop_budget": 29,
    "final_incumbent": 0.7223575115203857,
    "final_normalized_utility": 0.028770867113077556,
    "u_max": 0.7298637324905396,
    "u_min": 0.038902482509613034
}