{
    "trajectory": [
        0.6152947545051575,
        0.6204543709754944,
        0.6446897983551025,
        0.6768824458122253,
        0.7095486521720886,
        0.712568998336792,
        0.712568998336792,
        0.712568998336792,
        0.7229946255683899,
        0.7332648038864136,
        0.7357318997383118,
        0.7381404042243958,
        0.7395462393760681,
        0.7395462393760681,
        0.7459927201271057,
        0.7459927201271057,
        0.7459927201271057,
        0.7494792342185974,
        0.7494792342185974,
        0.7494792342185974,
        0.7494792342185974,
        0.7494792342185974,
        0.7494792342185974,
        0.7525334358215332,
        0.7525334358215332,
        0.7529458999633789,
        0.7546530365943909,
        0.7546530365943909,
        0.7551189064979553,
        0.7551189064979553,
        0.7551189064979553,
        0.7551189064979553,
        0.7551189064979553,
        0.7551189064979553,
        0.7567405700683594,
        0.7588546872138977,
        0.7588546872138977,
        0.7599517107009888,
        0.7599517107009888,
        0.7599517107009888,
        0.7599517107009888,
        0.7599517107009888,
        0.7599517107009888,
        0.7599517107009888,
        0.7599517107009888,
        0.7599517107009888,
        0.7599517107009888,
        0.7599517107009888,
        0.7599517107009888,
        0.7599517107009888,
        0.7599517107009888,
        0.7599517107009888
    ],
    "utility_trajectory": [
        0.6148680878384908,
        0.619601037642161,
        0.6434097983551026,
        0.6751757791455587,
        0.7074153188387553,
        0.710008998336792,
        0.7095823316701253,
        0.7091556650034586,
        0.7191546255683899,
        0.7289981372197469,
        0.7310385664049784,
        0.7330204042243957,
        0.7339995727094014,
        0.7335729060427347,
        0.7395927201271058,
        0.7391660534604391,
        0.7387393867937724,
        0.7417992342185974,
        0.7413725675519307,
        0.7409459008852641,
        0.7405192342185974,
        0.7400925675519308,
        0.7396659008852641,
        0.7422934358215332,
        0.7418667691548665,
        0.7418525666300456,
        0.7431330365943909,
        0.7427063699277242,
        0.742745573164622,
        0.7423189064979553,
        0.7418922398312886,
        0.741465573164622,
        0.7410389064979553,
        0.7406122398312887,
        0.741807236735026,
        0.7434946872138977,
        0.7430680205472311,
        0.7437383773676555,
        0.7433117107009888,
        0.7428850440343221,
        0.7424583773676554,
        0.7420317107009887,
        0.7416050440343221,
        0.7411783773676555,
        0.7407517107009888,
        0.7403250440343221,
        0.7398983773676554,
        0.7394717107009887,
        0.7390450440343221,
        0.7386183773676555,
        0.7381917107009888,
        0.7377650440343221
    ],
    "normalized_utility_trajectory": [
        0.21819773229116848,
        0.21030596893524683,
        0.17060702575216136,
        0.11764014176521673,
        0.06388364137612482,
        0.05955891669729165,
        0.06027034456043575,
        0.06098177242357985,
        0.04430941504458556,
        0.027896254591557493,
        0.024494024493558954,
        0.021189490169419546,
        0.01955681577189079,
        0.02026824363503489,
        0.010230751125889637,
        0.010942178989033739,
        0.011653606852177839,
        0.0065515895514197025,
        0.0072630174145638035,
        0.00797444527770772,
        0.00868587314085182,
        0.00939730100399592,
        0.010108728867140022,
        0.005727553324062723,
        0.006438981187206823,
        0.0064626626056862695,
        0.004327595393449579,
        0.00503902325659368,
        0.0049736554244346745,
        0.0056850832875787755,
        0.006396511150722876,
        0.007107939013866792,
        0.007819366877010892,
        0.008530794740154992,
        0.006538246083069871,
        0.0037245758760110713,
        0.004436003739154987,
        0.0033182447072052203,
        0.004029672570349321,
        0.0047411004334934215,
        0.005452528296637523,
        0.006163956159781624,
        0.006875384022925539,
        0.007586811886069639,
        0.00829823974921374,
        0.00900966761235784,
        0.009721095475501942,
        0.010432523338646043,
        0.011143951201789959,
        0.011855379064934059,
        0.01256680692807816,
        0.013278234791222261
    ],
    "stop_budget": 52,
    "final_incumbent": 0.7599517107009888,
    "final_normalized_utility": 0.013278234791222261,
    "u_max": 0.7457284377543132,
    "u_min": 0.14599557828903198
}