{
    "trajectory": [
        0.7816712856292725,
        0.7816712856292725,
        0.7958996891975403,
        0.7958996891975403,
        0.7991485595703125,
        0.7991485595703125,
        0.7991485595703125,
        0.7999100685119629,
        0.8139914870262146,
        0.8140900135040283,
        0.8140900135040283,
        0.835512101650238,
        0.8361744284629822,
        0.8478676676750183,
        0.8478676676750183,
        0.8478676676750183,
        0.8480536341667175,
        0.8515968918800354,
        0.8533152937889099,
        0.8533152937889099,
        0.8533152937889099,
        0.8533458113670349,
        0.8533458113670349,
        0.8533458113670349,
        0.8533458113670349,
        0.8533458113670349,
        0.8533458113670349,
        0.8533458113670349,
        0.8533458113670349,
        0.8547537922859192,
        0.8547537922859192,
        0.8547537922859192,
        0.8547537922859192,
        0.8547537922859192,
        0.8547537922859192
    ],
    "utility_trajectory": [
        1.7812446189626057,
        1.780817952295939,
        1.7946196891975403,
        1.7941930225308735,
        1.7970152262369792,
        1.7965885595703126,
        1.7961618929036458,
        1.7964967351786294,
        1.8101514870262148,
        1.8098233468373617,
        1.8093966801706949,
        1.830392101650238,
        1.8306277617963156,
        1.841894334341685,
        1.8414676676750183,
        1.8410410010083518,
        1.8408003008333842,
        1.8439168918800353,
        1.8452086271222432,
        1.8447819604555766,
        1.8443552937889098,
        1.8439591447003683,
        1.8435324780337017,
        1.8431058113670349,
        1.842679144700368,
        1.8422524780337017,
        1.841825811367035,
        1.8413991447003681,
        1.8409724780337016,
        1.8419537922859193,
        1.8415271256192525,
        1.841100458952586,
        1.8406737922859193,
        1.8402471256192525,
        1.8398204589525857
    ],
    "normalized_utility_trajectory": [
        0.08880511708448366,
        0.08935498257866561,
        0.07156803207404869,
        0.07211789756823092,
        0.06848079029743345,
        0.06903065579161541,
        0.06958052128579766,
        0.06914899422406272,
        0.05155147030389226,
        0.05197436007054389,
        0.05252422556472613,
        0.025466433828609292,
        0.02516272746294845,
        0.010642963055766437,
        0.011192828549948389,
        0.011742694044130341,
        0.012052895733173136,
        0.008036397586227331,
        0.006371677342534214,
        0.006921542836716167,
        0.007471408330898406,
        0.007981944380134397,
        0.008531809874316352,
        0.00908167536849859,
        0.009631540862680829,
        0.010181406356862495,
        0.010731271851044735,
        0.011281137345226974,
        0.011831002839408926,
        0.0105663367935255,
        0.011116202287707738,
        0.01166606778188969,
        0.012215933276071643,
        0.012765798770253883,
        0.013315664264436122
    ],
    "stop_budget": 35,
    "final_incumbent": 0.8547537922859192,
    "final_normalized_utility": 0.013315664264436122,
    "u_max": 1.8501527131970723,
    "u_min": 1.0742053748369216
}