{
    "trajectory": [
        0.3241795599460602,
        0.48948076367378235,
        0.5100528001785278,
        0.5395791530609131,
        0.5395791530609131,
        0.5428675413131714,
        0.5428675413131714,
        0.5428675413131714,
        0.5625020265579224,
        0.5625020265579224,
        0.5919513702392578,
        0.5919513702392578,
        0.5919513702392578,
        0.5919513702392578,
        0.5919513702392578,
        0.5949661731719971,
        0.6304200887680054,
        0.6304200887680054,
        0.6557360887527466,
        0.6940473318099976,
        0.6952142715454102,
        0.7478134632110596,
        0.7478134632110596,
        0.7478134632110596,
        0.7478134632110596,
        0.7478134632110596,
        0.7478134632110596,
        0.7642258405685425,
        0.7760512828826904,
        0.7760512828826904,
        0.7760512828826904,
        0.7760512828826904,
        0.7760512828826904,
        0.7760512828826904,
        0.7850631475448608,
        0.789903998374939,
        0.789903998374939,
        0.789903998374939,
        0.789903998374939,
        0.789903998374939,
        0.789903998374939,
        0.789903998374939,
        0.8003888130187988,
        0.8003888130187988,
        0.8003888130187988,
        0.8003888130187988,
        0.8003888130187988,
        0.8003888130187988,
        0.8003888130187988,
        0.8003888130187988,
        0.8003888130187988,
        0.8003888130187988,
        0.8003888130187988,
        0.8003888130187988,
        0.8003888130187988,
        0.8003888130187988,
        0.8003888130187988
    ],
    "utility_trajectory": [
        1.3237628932793934,
        1.4886474303404489,
        1.5088028001785279,
        1.5379124863942464,
        1.5374958197275799,
        1.5403675413131714,
        1.5399508746465047,
        1.539534207979838,
        1.5587520265579222,
        1.5583353598912557,
        1.5873680369059244,
        1.586951370239258,
        1.5865347035725912,
        1.5861180369059245,
        1.5857013702392577,
        1.5882995065053302,
        1.623336755434672,
        1.6229200887680055,
        1.64781942208608,
        1.6857139984766643,
        1.6864642715454101,
        1.7386467965443928,
        1.7382301298777263,
        1.7378134632110596,
        1.737396796544393,
        1.7369801298777263,
        1.7365634632110596,
        1.7525591739018758,
        1.763967949549357,
        1.7635512828826905,
        1.7631346162160237,
        1.7627179495493572,
        1.7623012828826905,
        1.7618846162160238,
        1.7704798142115274,
        1.7749039983749388,
        1.7744873317082723,
        1.7740706650416056,
        1.773653998374939,
        1.7732373317082724,
        1.7728206650416056,
        1.772403998374939,
        1.782472146352132,
        1.7820554796854655,
        1.7816388130187988,
        1.7812221463521323,
        1.7808054796854655,
        1.7803888130187988,
        1.779972146352132,
        1.7795554796854653,
        1.7791388130187988,
        1.778722146352132,
        1.7783054796854656,
        1.7778888130187989,
        1.7774721463521321,
        1.7770554796854654,
        1.7766388130187987
    ],
    "normalized_utility_trajectory": [
        0.5832522578928729,
        0.3990567840868963,
        0.3765408589235505,
        0.34402190632545376,
        0.34448737213233765,
        0.34127932044037684,
        0.34174478624726096,
        0.34221025205414507,
        0.3207416822197478,
        0.32120714802663164,
        0.2887742237883049,
        0.28923968959518875,
        0.28970515540207287,
        0.290170621208957,
        0.29063608701584104,
        0.287733662391484,
        0.2485929231661417,
        0.24905838897302557,
        0.221242897115973,
        0.17891018613316081,
        0.17807204263077567,
        0.1197780079814218,
        0.12024347378830565,
        0.12070893959518975,
        0.12117440540207361,
        0.12163987120895771,
        0.12210533701584181,
        0.10423624169571966,
        0.09149129378616679,
        0.09195675959305065,
        0.09242222539993475,
        0.0928876912068186,
        0.0933531570137027,
        0.0938186228205868,
        0.08421677297185456,
        0.07927443748843259,
        0.07973990329531644,
        0.08020536910220054,
        0.08067083490908439,
        0.08113630071596849,
        0.08160176652285259,
        0.08206723232973669,
        0.0708199236368599,
        0.07128538944374375,
        0.07175085525062785,
        0.0722163210575117,
        0.0726817868643958,
        0.0731472526712799,
        0.07361271847816402,
        0.07407818428504812,
        0.07454365009193197,
        0.07500911589881606,
        0.07547458170569991,
        0.07594004751258401,
        0.07640551331946811,
        0.07687097912635221,
        0.07733644493323633
    ],
    "stop_budget": 57,
    "final_incumbent": 0.8003888130187988,
    "final_normalized_utility": 0.07733644493323633,
    "u_max": 1.8458673540751138,
    "u_min": 0.9507067203521729
}