{
    "1738": [
        0.3241795599460602,
        0.48948076367378235,
        0.5100528001785278,
        0.5395791530609131,
        0.517512321472168,
        0.5428675413131714
    ],
    "726": [
        0.4873122274875641
    ]
}