{
    "37": [
        0.023102641105651855
    ],
    "106": [
        0.012933582067489624
    ],
    "143": [
        0.021850228309631348
    ],
    "59": [
        0.014357239007949829
    ]
}