{
    "trajectory": [
        0.6954202055931091,
        0.765777051448822,
        0.7863242030143738,
        0.8057953715324402,
        0.8170775771141052,
        0.827745258808136,
        0.827745258808136,
        0.827745258808136,
        0.8388379216194153,
        0.8388379216194153,
        0.8388379216194153,
        0.8388668894767761,
        0.8406446576118469,
        0.8547338843345642,
        0.8547338843345642,
        0.8547338843345642,
        0.8563165068626404,
        0.8584298491477966,
        0.8584298491477966,
        0.8584298491477966,
        0.8636417984962463,
        0.8636417984962463,
        0.8636417984962463,
        0.8636417984962463,
        0.8650092482566833,
        0.8650092482566833,
        0.8650092482566833,
        0.866582453250885,
        0.8706098198890686,
        0.8706098198890686,
        0.8706098198890686,
        0.8706098198890686,
        0.8711945414543152,
        0.8711945414543152,
        0.8711945414543152,
        0.8711945414543152,
        0.8711945414543152,
        0.8711945414543152,
        0.8711945414543152,
        0.8711945414543152,
        0.8727826476097107,
        0.8727826476097107,
        0.8727826476097107,
        0.8727826476097107,
        0.8727826476097107,
        0.8731206059455872,
        0.8741238713264465,
        0.8741996884346008,
        0.8743041157722473,
        0.8743041157722473,
        0.8743041157722473
    ],
    "utility_trajectory": [
        1.6949935389264423,
        1.7649237181154886,
        1.7850442030143738,
        1.8040887048657734,
        1.814944243780772,
        1.825185258808136,
        1.8247585921414693,
        1.8243319254748025,
        1.8349979216194154,
        1.8345712549527486,
        1.8341445882860818,
        1.833746889476776,
        1.8350979909451803,
        1.8487605510012308,
        1.8483338843345642,
        1.8479072176678977,
        1.849063173529307,
        1.8507498491477965,
        1.85032318248113,
        1.8498965158144633,
        1.8546817984962463,
        1.8542551318295797,
        1.853828465162913,
        1.8534017984962463,
        1.8543425815900165,
        1.8539159149233502,
        1.8534892482566834,
        1.8546357865842182,
        1.8582364865557353,
        1.8578098198890687,
        1.8573831532224019,
        1.8569564865557353,
        1.8571145414543153,
        1.8566878747876485,
        1.8562612081209817,
        1.8558345414543151,
        1.8554078747876486,
        1.8549812081209818,
        1.8545545414543152,
        1.8541278747876486,
        1.8552893142763773,
        1.8548626476097105,
        1.8544359809430442,
        1.8540093142763774,
        1.8535826476097106,
        1.8534939392789205,
        1.8540705379931133,
        1.8537196884346008,
        1.8533974491055807,
        1.852970782438914,
        1.8525441157722473
    ],
    "normalized_utility_trajectory": [
        0.21423891193504002,
        0.12787861364811742,
        0.10303081406150605,
        0.07951180010093065,
        0.06610574867025722,
        0.05345860372110541,
        0.05398551586447088,
        0.05451242800783635,
        0.041340452485139255,
        0.04186736462850472,
        0.04239427677187019,
        0.04288541505005405,
        0.04121687183766136,
        0.024344288705651727,
        0.02487120084901692,
        0.02539811299238211,
        0.02397056491291906,
        0.021887604291121528,
        0.02241451643448672,
        0.022941428577851912,
        0.01703184212206962,
        0.017558754265434812,
        0.018085666408800005,
        0.018612578552165474,
        0.01745075815439913,
        0.017977670297764047,
        0.018504582441129513,
        0.0170886645482892,
        0.01264197890858429,
        0.013168891051949483,
        0.01369580319531495,
        0.014222715338680143,
        0.014027525388570352,
        0.01455443753193582,
        0.015081349675301286,
        0.01560826181866648,
        0.016135173962031672,
        0.01666208610539714,
        0.017188998248762334,
        0.017715910392127526,
        0.016281590305263893,
        0.01680850244862936,
        0.01733541459199428,
        0.017862326735359747,
        0.018389238878725213,
        0.018498789261641564,
        0.017786718485804827,
        0.018220000265979655,
        0.018617949833629438,
        0.01914486197699463,
        0.019671774120360096
    ],
    "stop_budget": 51,
    "final_incumbent": 0.8743041157722473,
    "final_normalized_utility": 0.019671774120360096,
    "u_max": 1.8684733183860778,
    "u_min": 1.058724156141281
}