{
    "trajectory": [
        0.9447978138923645,
        0.9453044533729553,
        0.9487808346748352,
        0.9487808346748352,
        0.9487808346748352,
        0.9487808346748352,
        0.9487808346748352,
        0.9500094056129456,
        0.9500094056129456,
        0.9500094056129456,
        0.9500094056129456,
        0.9500094056129456,
        0.9500094056129456,
        0.9501914381980896,
        0.9501914381980896,
        0.9501914381980896,
        0.9501914381980896,
        0.9501914381980896,
        0.9501914381980896,
        0.9501914381980896,
        0.9501914381980896,
        0.9501914381980896,
        0.9501914381980896,
        0.9501914381980896,
        0.9501914381980896,
        0.9501914381980896,
        0.9501914381980896,
        0.9501914381980896,
        0.9501914381980896,
        0.9501914381980896,
        0.9501914381980896,
        0.9506235718727112,
        0.9512372612953186,
        0.9512372612953186,
        0.9512372612953186,
        0.9512372612953186,
        0.9512372612953186,
        0.9512372612953186,
        0.9512372612953186,
        0.9512372612953186,
        0.9512372612953186,
        0.9512372612953186,
        0.9512372612953186,
        0.9512372612953186,
        0.9512372612953186,
        0.9512372612953186,
        0.9512372612953186,
        0.9512372612953186,
        0.9512372612953186,
        0.9512372612953186,
        0.9512372612953186,
        0.9512372612953186,
        0.9513763785362244,
        0.9540260434150696,
        0.9540260434150696,
        0.9540260434150696,
        0.9540260434150696,
        0.9583920836448669
    ],
    "utility_trajectory": [
        1.9443711472256977,
        1.944451120039622,
        1.9475008346748353,
        1.9470741680081685,
        1.9466475013415019,
        1.9462208346748353,
        1.9457941680081685,
        1.946596072279612,
        1.9461694056129457,
        1.945742738946279,
        1.9453160722796121,
        1.9448894056129455,
        1.944462738946279,
        1.9442181048647562,
        1.9437914381980896,
        1.943364771531423,
        1.9429381048647563,
        1.9425114381980895,
        1.942084771531423,
        1.9416581048647563,
        1.9412314381980895,
        1.940804771531423,
        1.9403781048647564,
        1.9399514381980896,
        1.9395247715314228,
        1.9390981048647564,
        1.9386714381980896,
        1.9382447715314228,
        1.9378181048647563,
        1.9373914381980897,
        1.9369647715314229,
        1.9369702385393779,
        1.9371572612953187,
        1.936730594628652,
        1.9363039279619851,
        1.9358772612953186,
        1.935450594628652,
        1.9350239279619852,
        1.9345972612953186,
        1.934170594628652,
        1.9337439279619852,
        1.9333172612953184,
        1.932890594628652,
        1.9324639279619853,
        1.9320372612953185,
        1.931610594628652,
        1.9311839279619853,
        1.9307572612953185,
        1.930330594628652,
        1.9299039279619854,
        1.9294772612953186,
        1.9290505946286518,
        1.928763045202891,
        1.9309860434150696,
        1.9305593767484028,
        1.9301327100817363,
        1.9297060434150697,
        1.9336454169782002
    ],
    "normalized_utility_trajectory": [
        0.014020174200892839,
        0.013932005312978378,
        0.010569738379393656,
        0.01104013230033054,
        0.011510526221267178,
        0.011980920142203819,
        0.012451314063140703,
        0.011567226029249483,
        0.012037619950185879,
        0.012508013871122763,
        0.012978407792059646,
        0.013448801712996287,
        0.013919195633932926,
        0.014188901223313191,
        0.01465929514424983,
        0.01512968906518647,
        0.015600082986123354,
        0.01607047690706024,
        0.01654087082799688,
        0.017011264748933518,
        0.017481658669870403,
        0.017952052590807042,
        0.01842244651174368,
        0.018892840432680566,
        0.019363234353617448,
        0.019833628274553844,
        0.02030402219549073,
        0.020774416116427614,
        0.021244810037364253,
        0.021715203958300892,
        0.022185597879237778,
        0.02217957058086024,
        0.021973380657099126,
        0.022443774578036008,
        0.022914168498972893,
        0.023384562419909532,
        0.02385495634084617,
        0.024325350261783056,
        0.024795744182719695,
        0.025266138103656334,
        0.02573653202459322,
        0.026206925945530105,
        0.0266773198664665,
        0.027147713787403382,
        0.027618107708340268,
        0.028088501629276907,
        0.028558895550213546,
        0.02902928947115043,
        0.02949968339208707,
        0.02997007731302371,
        0.030440471233960594,
        0.03091086515489748,
        0.03122788429985077,
        0.028777060443767783,
        0.02924745436470467,
        0.029717848285641307,
        0.030188242206577946,
        0.025845138980650936
    ],
    "stop_budget": 58,
    "final_incumbent": 0.9583920836448669,
    "final_normalized_utility": 0.025845138980650936,
    "u_max": 1.9570880228614809,
    "u_min": 1.0500468225479125
}