{
    "670": [
        0.9447978138923645,
        0.9453044533729553,
        0.9487808346748352,
        0.9467187523841858,
        0.9463528990745544,
        0.9467330574989319,
        0.9468781352043152,
        0.9500094056129456,
        0.9492681622505188,
        0.9475969672203064,
        0.9461365342140198,
        0.9478495717048645,
        0.9488881230354309,
        0.9501914381980896,
        0.945824921131134,
        0.9461323618888855,
        0.946872889995575,
        0.9457718729972839,
        0.9488404393196106,
        0.9481173157691956,
        0.9485237002372742,
        0.9482209086418152,
        0.9500985741615295,
        0.9499848484992981,
        0.9501835703849792,
        0.949349582195282,
        0.9464438557624817,
        0.9491996169090271,
        0.9499436020851135,
        0.9500802159309387,
        0.9488881230354309,
        0.9506235718727112,
        0.9512372612953186,
        0.9506725668907166,
        0.9508195519447327,
        0.9482752680778503,
        0.9490122199058533,
        0.948711097240448,
        0.9499810338020325,
        0.9509317278862,
        0.9511445164680481,
        0.9508543610572815,
        0.9495226740837097,
        0.9509575963020325,
        0.9505488276481628,
        0.9499178528785706,
        0.9504507184028625,
        0.9502895474433899,
        0.9503758549690247,
        0.9503758549690247,
        0.9503758549690247
    ],
    "1738": [
        0.945322573184967,
        0.9513763785362244,
        0.9540260434150696,
        0.9527999758720398,
        0.950630247592926,
        0.9499110579490662,
        0.9583920836448669
    ]
}