{
    "trajectory": [
        0.5013490319252014,
        0.9420835375785828,
        0.9420835375785828,
        0.9520118832588196,
        0.9544549584388733,
        0.9569078087806702,
        0.9651761651039124
    ],
    "utility_trajectory": [
        1.5009223652585346,
        1.9412302042452494,
        1.9408035375785828,
        1.9503052165921528,
        1.95232162510554,
        1.9543478087806703,
        1.9621894984372457
    ],
    "normalized_utility_trajectory": [
        0.43546289634498714,
        0.02972805621439393,
        0.030121220987901945,
        0.021365614400440384,
        0.019507534408723996,
        0.01764044680157146,
        0.010414487103723924
    ],
    "stop_budget": 7,
    "final_incumbent": 0.9651761651039124,
    "final_normalized_utility": 0.010414487103723924,
    "u_max": 1.9734914125378926,
    "u_min": 0.8882805914878845
}