{
    "trajectory": [
        0.732589602470398,
        0.7385760545730591,
        0.7429941892623901,
        0.7530926465988159,
        0.7530926465988159,
        0.7530926465988159,
        0.7530926465988159,
        0.7530926465988159,
        0.7549474239349365,
        0.7549474239349365,
        0.7549474239349365,
        0.7549474239349365,
        0.7549474239349365,
        0.7549474239349365,
        0.7549474239349365,
        0.7563740015029907,
        0.7563740015029907,
        0.7563740015029907,
        0.7563740015029907,
        0.7563740015029907,
        0.7563740015029907,
        0.7563740015029907,
        0.7563740015029907,
        0.7563740015029907,
        0.7563740015029907,
        0.7563740015029907
    ],
    "utility_trajectory": [
        1.7321629358037312,
        1.7377227212397257,
        1.7417141892623902,
        1.7513859799321492,
        1.7509593132654826,
        1.750532646598816,
        1.7501059799321492,
        1.7496793132654824,
        1.7511074239349367,
        1.7506807572682699,
        1.750254090601603,
        1.7498274239349365,
        1.74940075726827,
        1.7489740906016031,
        1.7485474239349366,
        1.7495473348363242,
        1.7491206681696574,
        1.7486940015029906,
        1.748267334836324,
        1.7478406681696574,
        1.7474140015029906,
        1.746987334836324,
        1.7465606681696575,
        1.7461340015029907,
        1.745707334836324,
        1.7452806681696575
    ],
    "normalized_utility_trajectory": [
        0.08656516474586429,
        0.0786471215842834,
        0.07296261874773216,
        0.05918840806018827,
        0.05979605112864231,
        0.06040369419709635,
        0.0610113372655507,
        0.06161898033400505,
        0.05958511732788165,
        0.060192760396336004,
        0.060800403464790355,
        0.061408046533244394,
        0.06201568960169843,
        0.06262333267015278,
        0.06323097573860682,
        0.061806939187903816,
        0.06241458225635817,
        0.06302222532481253,
        0.06362986839326656,
        0.06423751146172059,
        0.06484515453017495,
        0.06545279759862899,
        0.06606044066708301,
        0.06666808373553737,
        0.06727572680399173,
        0.06788336987244545
    ],
    "stop_budget": 26,
    "final_incumbent": 0.7563740015029907,
    "final_normalized_utility": 0.06788336987244545,
    "u_max": 1.792946103108724,
    "u_min": 1.0907795042991637
}