{
    "trajectory": [
        0.445261150598526,
        0.4505699574947357,
        0.7119630575180054,
        0.7119630575180054,
        0.7119630575180054,
        0.7119630575180054,
        0.7119630575180054,
        0.7119630575180054,
        0.7119630575180054,
        0.7119630575180054,
        0.7119630575180054,
        0.7119630575180054,
        0.7119630575180054,
        0.7119630575180054,
        0.7119630575180054,
        0.7119630575180054,
        0.7119630575180054,
        0.7119630575180054,
        0.7119630575180054,
        0.7119630575180054
    ],
    "utility_trajectory": [
        1.4448344839318592,
        1.4497166241614023,
        1.7106830575180054,
        1.7102563908513386,
        1.709829724184672,
        1.7094030575180055,
        1.7089763908513387,
        1.7085497241846719,
        1.7081230575180055,
        1.7076963908513387,
        1.707269724184672,
        1.7068430575180054,
        1.7064163908513388,
        1.705989724184672,
        1.7055630575180054,
        1.7051363908513388,
        1.704709724184672,
        1.7042830575180052,
        1.7038563908513387,
        1.703429724184672
    ],
    "normalized_utility_trajectory": [
        0.4774389208129253,
        0.4690090948166043,
        0.018407202891321698,
        0.019143913757729558,
        0.019880624624137037,
        0.02061733549054452,
        0.02135404635695238,
        0.022090757223360243,
        0.02282746808976734,
        0.0235641789561752,
        0.024300889822583063,
        0.025037600688990542,
        0.02577431155539802,
        0.026511022421805884,
        0.027247733288213363,
        0.02798444415462084,
        0.028721155021028705,
        0.02945786588743657,
        0.030194576753844047,
        0.030931287620251526
    ],
    "stop_budget": 20,
    "final_incumbent": 0.7119630575180054,
    "final_normalized_utility": 0.030931287620251526,
    "u_max": 1.7213436032740275,
    "u_min": 1.1421928317546843
}