{
    "trajectory": [
        0.7910588979721069,
        0.7910588979721069,
        0.7910588979721069,
        0.7977792620658875,
        0.7977792620658875,
        0.8600027561187744,
        0.8604732751846313,
        0.9527075290679932,
        0.9534032344818115,
        0.9757636785507202
    ],
    "utility_trajectory": [
        1.7906322313054401,
        1.7902055646387736,
        1.789778897972107,
        1.7960725953992207,
        1.7956459287325541,
        1.8574427561187745,
        1.8574866085179647,
        1.9492941957346597,
        1.9495632344818117,
        1.9714970118840536
    ],
    "normalized_utility_trajectory": [
        0.2235761072267635,
        0.22407682029954573,
        0.22457753337232797,
        0.21719158826789248,
        0.21769230134067472,
        0.14517086541390553,
        0.14511940259465386,
        0.037378951579017355,
        0.037063222162336124,
        0.011322919629209718
    ],
    "stop_budget": 10,
    "final_incumbent": 0.9757636785507202,
    "final_normalized_utility": 0.011322919629209718,
    "u_max": 1.9811454765192669,
    "u_min": 1.1290273876190184
}