{
    "trajectory": [
        0.7937929630279541,
        0.7942277789115906,
        0.7942277789115906,
        0.8048465251922607,
        0.8180249333381653,
        0.8182700872421265,
        0.8198333382606506,
        0.831186056137085,
        0.831186056137085,
        0.831186056137085,
        0.831186056137085,
        0.831186056137085
    ],
    "utility_trajectory": [
        0.7933662963612874,
        0.7933744455782572,
        0.7929477789115906,
        0.8031398585255941,
        0.815891600004832,
        0.8157100872421265,
        0.8168466715939839,
        0.8277727228037516,
        0.827346056137085,
        0.8269193894704183,
        0.8264927228037516,
        0.826066056137085
    ],
    "normalized_utility_trajectory": [
        0.07278180802697458,
        0.07277035324584,
        0.07337008857037619,
        0.05904379909770936,
        0.0411195729700825,
        0.041374712694259075,
        0.03977709601037431,
        0.024419114288052633,
        0.025018849612588837,
        0.025618584937125197,
        0.026218320261661557,
        0.026818055586197917
    ],
    "stop_budget": 12,
    "final_incumbent": 0.831186056137085,
    "final_normalized_utility": 0.026818055586197917,
    "u_max": 0.8451450896962484,
    "u_min": 0.13372015070915222
}