{
    "945": [
        0.7937929630279541
    ],
    "258": [
        0.7942277789115906,
        0.793005645275116,
        0.8048465251922607,
        0.8180249333381653,
        0.8182700872421265,
        0.8198333382606506,
        0.831186056137085,
        0.8249166011810303,
        0.8212884068489075,
        0.8247434496879578,
        0.8117680549621582
    ]
}