{
    "1738": [
        0.42007774114608765,
        0.34683114290237427,
        0.5220217704772949,
        0.6826014518737793,
        0.7409945726394653,
        0.8002394437789917,
        0.7794739007949829,
        0.8537070751190186,
        0.8206530809402466,
        0.8407320976257324,
        0.8618561029434204,
        0.8584991693496704,
        0.868024468421936,
        0.8817093372344971,
        0.8642473220825195,
        0.8780628442764282,
        0.8857496976852417,
        0.8942328691482544,
        0.8913669586181641,
        0.9045002460479736,
        0.9027398824691772,
        0.8967031240463257,
        0.8940500020980835,
        0.8796777725219727,
        0.9101195335388184,
        0.906126856803894,
        0.9077252149581909,
        0.9044755697250366,
        0.9094303846359253,
        0.9107143878936768,
        0.9063878059387207,
        0.9070847034454346,
        0.9097355604171753,
        0.9176458120346069,
        0.9185868501663208,
        0.9161719083786011,
        0.9184576272964478,
        0.9176220893859863,
        0.9224737882614136,
        0.9154512882232666,
        0.9188933372497559,
        0.9205971956253052,
        0.9173154830932617,
        0.9204683303833008,
        0.9188933372497559,
        0.9223215579986572,
        0.9204683303833008,
        0.9204683303833008,
        0.9204683303833008,
        0.9204683303833008,
        0.9204683303833008
    ],
    "258": [
        0.4535914659500122,
        0.5667405128479004,
        0.597480058670044,
        0.7454932928085327,
        0.7680751085281372,
        0.7985504865646362,
        0.7829970121383667,
        0.8337875604629517,
        0.7891665697097778,
        0.8613103628158569,
        0.8412250280380249,
        0.8549221754074097,
        0.8630366325378418,
        0.8647674322128296,
        0.861335277557373,
        0.8607690334320068,
        0.8546292781829834,
        0.8684912919998169,
        0.8409284353256226,
        0.8884135484695435,
        0.8781677484512329,
        0.8617075681686401,
        0.8666763305664062,
        0.8666887283325195,
        0.8731762170791626,
        0.8708988428115845,
        0.8710596561431885,
        0.8708722591400146,
        0.8708988428115845,
        0.8708988428115845,
        0.8701704740524292,
        0.8742941617965698,
        0.8841111660003662,
        0.8763782978057861,
        0.8856146335601807,
        0.8822282552719116,
        0.8860917091369629,
        0.8822282552719116,
        0.8841367959976196,
        0.8799959421157837,
        0.8799959421157837,
        0.8799705505371094,
        0.8799705505371094,
        0.8799705505371094,
        0.8799705505371094,
        0.8798106908798218,
        0.8777079582214355,
        0.8777079582214355,
        0.8777079582214355,
        0.8778681755065918
    ],
    "1400": [
        0.31816768646240234,
        0.4464570879936218,
        0.4885520935058594,
        0.6464071273803711,
        0.7401912212371826,
        0.7682199478149414,
        0.7314447164535522,
        0.7711392641067505,
        0.806647539138794,
        0.8136266469955444,
        0.8785243034362793,
        0.8592536449432373,
        0.8044946193695068,
        0.8926918506622314,
        0.878766655921936,
        0.8539721965789795,
        0.8697803020477295,
        0.8846480846405029,
        0.8507072925567627,
        0.8822945356369019,
        0.8911751508712769,
        0.8829702138900757,
        0.898342490196228,
        0.8922187089920044,
        0.8928751945495605,
        0.904238224029541,
        0.889063835144043,
        0.8932987451553345,
        0.9036887884140015,
        0.900787353515625,
        0.884526252746582,
        0.9056843519210815,
        0.8918195962905884,
        0.9073318243026733,
        0.8927173614501953,
        0.9080597162246704,
        0.8922437429428101,
        0.9019265174865723,
        0.9000297784805298,
        0.8987314701080322,
        0.8962236642837524,
        0.8946048021316528,
        0.9016389846801758,
        0.9003181457519531,
        0.9019269943237305,
        0.9019269943237305,
        0.9019269943237305,
        0.9019269943237305,
        0.903532862663269,
        0.903532862663269,
        0.903532862663269
    ]
}